user_id,is_blocked
6321f3a2-1825-45e3-9d1a-787fa7bb2d0e,False
5aef9dbe-1cf3-4437-b3e6-02cba2a0d590,False
d5bf23c1-33c9-4233-ab56-a50d062a03e1,False
7fd37432-c983-4e76-adfc-9871dbd44ad2,False
21673040-a350-4d4b-afed-ea0aac903e44,False
62043407-e71c-41cb-87c1-ecae2b28da18,False
8af0a302-1512-440b-92ce-e2067f21fad1,False
7d2843d7-1be3-42a5-b4e5-c673be24d47f,False
b246e625-c7c9-439f-91d5-90a4219b9902,False
4e3fb55d-4d96-4b91-bf51-c37cbe323dc9,False
2e9ebb1e-d6bf-4a06-8d6c-d085b3cfa62e,False
51103401-1f70-48bc-b733-7b05b22a8b4e,False
6d29be35-073f-4150-bb23-c2585c63a5ff,False
5bb5355c-e186-49e5-a82c-4890541926a2,False
b1c5978d-1127-4e83-a6c5-347743f4a9af,False
ad6b8991-69bc-4cc3-9900-665d6ab1021a,False
ce6e8b32-b471-4490-9617-dbb572d44ae3,False
56715abe-d9f5-438b-9a9d-7b1fc502b91e,False
2bd9018f-db1c-49db-a478-32bfdb9c0a6a,False
9029081f-cd99-4a75-9d02-169594eb1be9,False
88edc000-72ae-415e-a94d-e7052ebd75f0,False
1d7cba57-e381-47b1-b6ba-5e189bd92412,False
e8ec22c0-df4e-434a-9033-bd0cfb7ac267,False
ab0f6203-669f-4250-b9c8-6d338825668b,False
e1e07d46-8b7d-4952-bd5f-1e889c04af94,False
6a543ce2-bcde-4302-b47d-81232ef7fbca,False
973cf854-5000-4ca7-9296-5c88f8ea83a0,False
7a9dc331-9de7-4c68-9e8a-b48e9ff8dbe0,False
765d45d0-d370-423b-9c4d-9b13730d5fb7,False
efa8e7a1-948f-4c46-808a-f2188b8f6eb5,False
7df8abc3-9757-4b8d-b33f-8c9028067273,False
6e069d0f-d06f-4f21-ba95-f5015079af99,False
9355b14c-8ce8-49b2-a4f4-8a0a1077b09a,False
a37367bf-6f5a-4caa-929d-ae98529d6dac,False
67c037b7-77f6-4ded-abfa-cab420b41160,False
172f1972-3426-487b-89b6-24dd8dfcf581,False
62dce3d6-11a9-4d0b-b2b4-91790fa807e9,False
5a0a96e5-0639-4ff1-8c4e-923974ede468,False
ca6e298a-a3b2-473f-87b2-16454d433d46,False
00c5b7b0-d9c1-4072-b4e2-696e4f382a30,False
8b5f1e17-46a5-4054-84ea-2ffe5235b622,False
4ed984fe-34d6-454e-8e9c-2b6b9637064f,False
2c684af0-da0a-44bc-9da5-58af0a37a56c,False
e3524f09-97fc-4783-aaa4-c53c1fcb0e10,False
48aa9df8-f37d-4148-8ba0-c472df64186e,False
baa9c4e2-1ed9-46d6-832f-819c02557c90,False
81daece2-7a6d-44bd-81b1-f6e08a06feca,False
f6e4dc35-0e71-41c9-b911-bbe14a3fcb1a,True
1f769df7-49f7-4a7a-9e51-0051931d374e,False
af5d01d3-da2b-4d4c-808c-9c1f7b6c4ae9,False
a2afd623-4b52-4f47-8692-6d85f5eea4ca,False
56c2283e-a231-440c-9963-f00b33026e62,False
0e315826-9271-4380-88af-8861c0ab4039,True
9643914f-0ea6-4aba-a0a4-50346a1d4fd4,True
e12aeb9e-85b7-478e-9a77-d3909a3477da,False
2e10bdd3-2678-4b2d-9fe9-84075f93643f,True
5390b207-54b0-409b-9b4a-d621404fba66,False
d2b4d303-c090-494f-a927-017e24d27470,False
5a0e9590-dbcb-4cd3-9b12-1329a652feb0,True
5861afb6-0f67-4f0c-aeb6-cf629b21ed8e,False
bc75ed98-3f21-4f68-9830-b1a43354420d,False
6151053e-4ac7-40a4-8939-d6be6b9da5b6,False
e80f0ff8-27e5-44f7-a26a-1006790c26bb,False
5f91ef55-87f9-4253-b5bb-4c1d1e561f0f,False
48d954fa-5891-46b9-8ef9-eb11360d500d,False
101231b4-3b16-445c-9d25-e578143740eb,False
c6d36db2-4fd4-4483-8a8e-8eab1df4b020,False
7eb75b44-3fee-47a5-8d5d-a1df286ac129,False
fb977d84-2481-46bc-92a5-75dbfb9be501,False
d29653db-baa0-49fa-aad8-dab0ddd08b98,False
ada065da-bb43-421e-b02d-a708fa16fc8e,False
2afbf70c-1bd3-41f1-824f-d75bd13609b8,False
fbcb0d8d-7bbc-4d2a-b947-6275d2a4685a,False
46e19749-f502-4cf6-a0da-f71ed1a88230,False
97ec8a5e-5d64-476e-b605-f733c9592385,True
9eb0d715-12be-429f-90f6-bb3d8165fd6f,False
5f9da017-dcde-4a12-a9a8-8de927496ea6,True
8f8e02e4-5558-4e63-bb9f-5d0b65129142,True
a09ceffa-6c0b-49c0-b3c8-4a4b6a5cf955,False
c50b1136-cddf-4d3e-91f1-75404280664d,False
8435cbd7-fd33-432f-8f0a-b960f6d28c18,False
a4ce8ae3-15b9-410c-9ef7-801690f82781,True
30b39833-2d95-4148-8ff9-0fe2780101f0,False
14a95ea9-4a9c-4636-b0db-0eaadee41a33,False
6cfb989c-bd8e-4533-9abd-364032dcd6a8,False
57bb48f5-2ad1-4c86-9777-3c8cf1af488f,False
2c80fc47-d221-4438-9d51-57ff8a0f7143,False
aea73d33-6e79-433f-b8ea-dfcaa9b2055d,False
31ff9545-2d10-48f6-abe1-b784a5beedcd,True
aada50e9-37f1-47ed-9338-8ad32936f6ea,False
9d09b5ac-410a-430f-a1ff-cf09f6bd7298,False
8797e85e-4a24-4bc0-97fd-7f2a222881d9,False
983bc4b3-b001-4d26-a180-a2ebb3ccdf03,True
145e4fbf-d194-4c9e-a830-a9ecf13d80ed,True
ab2e4a93-d45f-443b-afd5-6df45197a9b0,False
f15834c6-fa4f-4478-ad9d-990f01d1740e,False
f981be26-9936-4eea-873b-80b16fe72245,False
fe773df9-3936-42b5-a5d6-0ca0a3dfff15,True
b638afb9-199a-42a9-95b9-8afa4912fe26,False
1f8b7c6f-2b4d-49f5-9967-0f6709ffbc98,True
83298fc2-077e-4695-b5a2-371a2ed7043a,False
dbbbbc15-db4c-44fb-b03a-45022d11bf92,True
b7ff1ec0-9069-4830-aaef-3019f2a6e225,False
c9b6db6d-bf84-4fe2-b986-452c73683fdd,False
8721b644-e747-41e3-bf13-e16b41534c9e,True
6ddd7466-f1bb-49a5-b7d9-0eb34ddd4a2d,False
8c0ff74e-6616-42c6-8050-b7009f74f863,True
29874866-c75d-438e-a464-653a322a8519,True
611ad072-435d-40bb-adc2-f96dfe2c6489,True
a8a400f7-c576-42da-8bd2-4286d74c8978,False
eaa5cc30-e3d4-419f-848e-7f3953d1a77e,False
8085ae9d-974f-423e-98f6-fd8e57a6f74a,True
220cbb61-1474-40a6-9e0f-46e2e0404ce6,False
65022f3b-c588-4668-8538-a7328f2e5557,False
39fc34f7-0cd9-4052-91c3-e04d5fa603c0,False
6bbb8a44-22ac-4cfd-b099-02900d96cdc8,True
2be70d13-f8fd-4791-bb7a-b626c35ef277,False
7e2a41a4-2072-4043-8602-dc30d88438a3,False
524e749c-ee64-4c4f-95bd-62fa6b045d3c,False
b713a391-8d14-485e-9f2e-a37f7f20fea6,False
bc74f463-aec7-4d7c-96a6-fb9663567b6a,False
f3f4769d-8d84-45de-86bc-fdfb61e0311b,False
1ff25724-f336-4574-bc81-82d078ce7432,False
a14fe210-edd7-49e3-9988-f1159270849b,True
534ee578-883b-4e4e-bfdd-c1749ed72e46,False
1cd42aa3-18b7-4478-852d-53183bfcc905,False
c17defb2-a805-4510-b033-e51f8a04d7a5,False
0d3ce014-b8f9-4c90-8116-bb5902b0b780,False
428befa6-e6f7-4675-a95c-c90d101fa945,False
45c48f68-9d22-4bcf-99f8-88d567978e9d,False
479bb36a-7d13-4715-959f-d6a9a9287255,True
53ff703f-a6ba-4fca-bd4d-1b0f6dd159f9,False
8a0c4ec7-9917-485b-a5f2-56a6587c6953,False
dd86f303-ac0f-41e0-abaf-12039ea93ed6,True
cf421d8a-f9a9-497c-818b-c10110b2b709,False
914c0038-8bf4-479f-bb59-250f3db18e76,True
beeaada8-6b01-4b4f-951f-22a9de3836b5,False
7dfdd25a-9290-47df-bfbd-b3c5af1429a1,False
6b491a89-561a-475a-abcd-06081816e850,False
03205bf0-ff06-4882-840e-a55f78eda12a,True
e1e869c9-d58f-45b3-a4d9-7fd11b8929f3,False
47b916bd-7f7a-43ad-83e8-59cf84c8b289,False
92d34b17-5cb3-48b8-90e0-612abf1e9d30,False
71efc6c5-3397-4cae-9057-95047a59d1ff,False
a8178b27-cced-475a-bae0-c2516bb812c1,False
86a600da-c41d-452d-92b4-c39f8def4f37,False
7d136d8c-6c54-4331-9eab-4a455f3687e2,False
23683f2e-66c0-4b16-a18c-8f424dff18ea,True
a4b6dd1c-1e3c-46c7-94bc-4e5a4a35fabb,True
a0a9c4e2-42ad-4987-b050-34b2fa5e9c85,False
754ca572-78a0-4781-9d35-bde459d1a8c4,False
40ee5f29-4405-4adf-a935-c3fb46a85f0f,False
6902344d-23d3-429c-a16e-f48ddb036be5,False
4c5e1301-0c59-4a95-adfd-39156c6e1482,False
d41590ca-c188-40bd-8847-8904ee79c4e1,False
96e3ea8b-3d0b-4d32-8137-ebdb1f03da9b,False
1417fa67-1d31-464b-ab79-53e5506233e7,False
5974e9bc-4532-49b1-96e7-77177db19b5b,True
4f458f55-acef-46ab-b953-e5f07b7d4cb8,False
0e1044d4-4865-4ea8-9662-a03b7b3a1a44,False
05dd8acc-3e53-40ef-894a-8eb337865c09,False
bb364802-4bb4-4eef-b9f6-b3509f37b8e4,True
969a0ea8-de84-435b-8c08-d8b47840be86,False
ce1e77e8-ef8b-44b3-ad55-d333515d5a12,False
3fde18d6-bf26-4c46-a505-55cc79cc628b,False
66a78171-3968-4a5d-8ee3-df4f92c55541,False
397e2955-cac5-48fc-ba67-12d0a0bd182c,False
0eb0817e-64f9-48c2-a3f8-3df4115676cf,False
76dc897a-e0e8-4358-9870-eef2ec9251cf,False
c6244bd2-98d9-42f2-87d8-e041a3f08f03,False
0f10c0e5-6a36-4aa7-8a87-cb8bcae53bdf,False
5ee81a42-c7ff-4261-98ba-894a24d2915a,False
6b9c70b8-2212-4d28-869c-8619cb453288,True
3e15e098-6a2b-44ed-873b-79e4cee6ed45,False
5dd6e3d4-58d7-47a3-843e-8798f37068c7,False
e114d7cc-15ef-4947-b648-ba0de3ce8200,False
187516e4-f90b-48b9-b92a-77c821ab2110,False
0f090f38-9171-43c3-ad72-8914a26783d5,False
8dacfda3-2797-48a5-9b2e-554286892005,False
3047bf97-592d-4a51-add7-4d49782b700b,False
7c370989-8175-4856-ac61-6055ac51af6f,False
0ad1ef06-95a2-48aa-acc9-63055db8efa5,False
8f9b3b57-cb8c-4489-be10-ce7df401916f,False
76369401-41c1-41d5-b9f1-02e4dac6a7d9,False
99dcf498-6149-4119-a630-bac54e75038b,False
a9d11f18-37f3-4526-9471-6dbf7d108238,False
7128b414-8277-4bc8-b1b2-0e9a69f28a52,False
61b8ddab-c62f-4f0a-953b-812efd1f67c9,False
a551b557-9165-49be-9512-5971d4904cc7,False
b4dc8843-c1e5-47b2-891d-c21e7fe0398e,False
fda9c5c8-6062-4acc-b541-4f6864630444,False
b583ea4d-f3ac-4b24-946b-15f228b0d2fd,False
9aace23c-121c-43f8-ba9f-a818de6dab52,False
6db58454-3c34-4f9e-9cc6-3347c555dcf4,False
785e7c35-12d6-4293-bf7a-9cb5bf422f59,False
2e5d2ea9-08d7-4bbd-b8df-12f43f814f43,False
c9d1d736-3a79-42d5-baf1-6bdaddcaeed5,False
6065e351-60c6-4c19-a3f6-4e19c3676f9e,False
8332c40f-7e34-4459-9c78-5ca8a33daec5,False
c34d9fcf-906f-4267-aaf7-0ed6478a2d41,False
76fa3e6c-4204-4e64-ba5c-1e302b762733,False
776a954c-c4ef-4852-9b24-f6ee05d32a95,False
e63520c3-9127-4bf0-a5bd-27744c5ed56d,True
14d6116b-af2d-4efe-9b34-d555e8419ac4,True
c8cb698e-3963-4e49-9cfd-29ae03e653ad,False
f3e6885b-3377-44c7-a4b5-fb0750fb1903,True
de282c97-f8cc-4aa8-bd0e-9f2e7e334316,False
2452037b-7efb-44c4-9374-433ffc0290fe,False
b4e3cd8e-bccf-4af5-9987-ff5bf0a5bee3,True
784f6ac7-83ee-45da-9df9-56e48cf86315,False
1a72054a-3f79-4126-9329-4f89cf523f8d,False
90727f62-d767-47e6-a01b-971c73c52b89,False
cf401009-b67c-43c4-b015-8b54b451968a,False
2ccdd978-cde7-4571-b0aa-1cf81a81d2e3,False
f30fb682-a107-430c-b095-abb78139c6b6,False
5a82d7d9-39e6-4f56-b313-f9b2d0674289,False
e2025c51-e25c-4a76-a5b3-b28f3cf87d09,False
db274b49-04d0-44e8-b7f3-3f0df232075d,False
8cba1cef-83ef-4438-94ec-b7ff2a7cb9d3,False
d5633f5c-99d9-4b07-9567-060e833e4f0d,False
b1c8c09e-41a7-4ebc-818c-f5651eff3498,False
ba08a4ae-09fc-4839-ae7f-6c2ad7e8c6a3,False
d92328f9-3dde-47d0-83d4-3b6c7305cd5c,False
535d3495-6746-47ab-b8d6-e68934d36df9,False
c72c3313-7963-4e41-a5c2-341bb8f55e04,False
b1fcdcc6-a69f-453a-ac6c-59ea4c4a920f,False
5cf8fea8-e7e3-4043-b924-6c5b3ffd753f,False
9c3c8318-5ebb-44b2-b929-e0defec6fa6c,False
d0867423-73cf-4171-80d0-a633f792917e,False
989afaf4-eb38-4074-992a-72c18760588d,False
7f2ddcce-77e9-41c2-af16-158b5480e6a7,False
52151f92-0170-4e6c-849a-73a6d455b3a1,False
32f15665-2b13-47b7-8682-7ed2a5126035,True
bc39bcfb-b6e3-4bb9-a2eb-a3c8f3459d95,True
bcce978b-d62d-4d23-bf6f-4510013ce944,True
fd56ac41-052b-475a-bedf-41c1e37e2a72,False
a334a3f7-e44e-4a9f-bce8-a1fea4455fd0,False
aa5c673a-0b92-444b-b8fb-9b7a8e9ec8b0,False
703cd8b7-cd0f-43f7-8fcf-feb9989e6e43,True
15c13d32-67c2-4686-abb7-232395202663,False
c50656f0-39fc-45e0-8cce-a2b87d6fb957,True
db712764-1ea4-4277-9a47-d8903c394809,False
64e69903-0128-42c8-a1d5-7fccaa44a33e,True
ec2d6a7e-a1ba-4a62-b522-2958d72ffb07,False
a6a70240-eef9-40f2-a591-93f95c2a598f,False
d1f705a9-2c68-4eba-9c32-9268829da453,True
ebb818f5-7b2e-4fb8-837a-1790f7a73a55,True
1d2de4d6-ba38-42b1-a22b-1263eb0f7c71,False
a1db6e24-e9ee-492e-bf45-c6ac9a27230d,False
8b261453-daf0-4c34-9ec5-dc5a43ce1c78,False
f0aabe18-f42d-4e81-97b4-27ec40fdc992,False
77ae27e1-c0ca-4bb9-b382-4029fc0aa1e0,False
28a19a12-f9be-4186-8c6c-bf4a09af938e,True
b0ff79f9-2c40-48be-8d5f-b99b099a6537,False
02756527-e887-401b-b271-462f8b650ec0,False
a7e8fc32-d453-4558-9b4d-71b094a0236f,False
c5bd48b0-9e1c-49fd-ab68-3b1ed40ef709,False
d6504d0f-26d7-41c9-b608-ef13f0d27cc3,False
7b2c9c1c-dbfc-41ac-996e-cdf97c4ee941,False
7e131d6d-3cb6-472a-b487-e7300c36bc2a,False
038814b4-9eea-416e-af61-900d502f9b84,False
8424757a-a0c7-4c33-981f-77b1f12a0164,False
651c8d87-a162-4093-9629-9bba8b9997a8,False
2f54eb7d-44eb-484d-9808-fa5444d179c6,True
eb911838-c2af-4d86-8aa4-3743fad28a87,False
b1eee9f6-e102-4717-a4f4-b64a2a0df728,True
b97b7524-88df-46d5-8ac6-80ba9963f1f3,False
878b77da-5fa5-4a7e-83da-ad8f7638141c,False
03900ae9-0308-45db-8e82-1d2240ed78f1,False
6dead442-105e-4464-8cb4-094c849b7dd3,False
0c269a23-92db-4aaa-86af-cbf1a906484e,False
cc683244-56e4-418a-84db-9c6e30f7a323,False
c2138ddb-9956-4952-82c2-edb660d961de,False
5091430a-d94f-43eb-8032-b99096bd3300,False
241499fe-636a-46db-845f-637c9c09ebae,True
a519f6e6-1ef0-4b1b-8e79-f5717dc8d907,False
51b8ef8b-1aaa-4d7b-a023-afe47a462e59,False
a40bde27-f65d-463a-b077-a831d155ea65,True
d665e07f-4317-4f05-b147-23c8f3b23031,False
307c7449-f42f-4586-9dcb-abcabc87b710,False
7014826c-e724-4681-b4bd-416b46a00c45,False
a4061d05-3d12-4c3a-8de7-9fbb99490d93,False
fb3d07fa-5c2f-4083-82dc-c8430bb8101f,True
6474b78c-7822-4abb-bba3-9f085fb02e0a,False
8ee3f82d-f6e0-4df9-8343-3624dd865811,True
67637ee9-735e-42a6-8a96-40650b58c610,False
d01c3801-967a-4967-bad4-4394932d7d21,False
20d68cc3-9206-4326-bbbd-3004b97d8cc7,False
6f1ec748-287e-4206-ade0-76e0b6c49526,False
c5b683e1-666a-4767-999a-ffe7f4b098b4,False
600d48f6-d16c-423d-bb23-0264c7722a54,False
acd42a0a-fcee-430a-b505-be44695d324f,False
d6dca04b-636e-4aa4-a314-561d636712f0,False
c9bffe56-e2e7-40f2-9a2c-446d8e4cfafc,False
411a457e-a503-48c6-bbd8-b197d689ffad,False
88bb3ea1-83ea-4f88-9e6f-8b5568621977,False
2e515500-a959-4357-95db-aeaca61f6da9,False
b911401c-9650-4cf5-bc42-d5974dad5cfb,True
e35942c6-1e9d-4ddc-81cf-70ad3534f47b,False
694daaf2-806b-4ab1-be23-a16b1f68d9c7,True
dd3eee83-3fff-46a3-8af4-cca9d2a784bd,False
6dcec592-c6cd-4b97-9858-6ec152cc5947,False
d4407ae2-a62a-4505-b820-5c441cf3725c,False
c071bbc3-4fea-45eb-9d77-807de040af56,False
d16303a9-fa73-438a-afc2-60bae60aa413,False
e950de8a-7bba-4047-9e89-d19c213e751e,False
ed4b5dd2-c7dc-41b7-991f-d590bf93b769,False
ae35f965-7514-4607-8ab8-ab1accc6a42e,False
6e494e6e-daef-4d61-ae93-6cfcca67c68d,False
46c239eb-5219-4b63-9c22-89ef4f7a0cf4,False
a5897c8a-718a-498c-84a6-f03845615fe6,True
6355c094-1e44-4fc2-9c34-58fc4b9efb4f,False
c8866d35-15c2-4076-8d58-1f3120474ea1,False
9feda2d7-6a82-4d4c-b046-4350e11f8226,False
3f4b195f-4a5b-4bc5-88f0-78177fc2ee7b,False
97c66207-2d38-41c5-a273-7021ffc2f79c,False
7a9077ea-bf60-4be1-80c8-59774b659725,False
9ff53b60-857f-4c60-b139-67c1c7862fbf,False
95cb08c2-909e-4c8f-9386-03883dec0758,False
ee3c5dac-299d-4b01-94ec-eb2477fee7f2,False
21e32fa0-065b-4a5a-ac9a-ee10a71b5ac1,False
a2f50160-9fbe-4333-ad1c-61732a298935,False
b305d304-ad89-4d1a-bce5-57d158635962,False
9c914043-deb0-41fa-ab9f-f0c26366d84e,False
14ed76f5-52ad-413a-9a66-0fc6b7c61e33,False
e0085c4d-cdef-4bf5-9633-2287dd9935d3,False
03c73d3f-2274-44b0-bd60-4ced9c5a233c,True
fa992351-8c8b-4038-bb72-64c308fccede,False
dfed5512-6a48-4ab8-a203-32cc43818bb1,False
9266a2f8-71f5-4c78-b8cf-748f5b714095,False
396c61fe-b6aa-4ba0-b775-5e4977d8c6e5,False
cd6c068e-799d-4f1b-8f96-7207e5c919bd,False
0b08ac8f-897d-4f46-b420-13b70df36149,False
57d6489f-1fc0-460f-bbe9-8a828a7dc396,False
72d890f2-2f82-41c2-ba7a-7f8299fde747,False
925c1e20-4b6e-4f48-8394-d455a7fe2080,False
dc09ee32-b1e4-4776-8c40-3b1646a9b7e4,False
e671de68-5273-426d-9026-9dbc224d7619,False
6372ba0b-4789-4f06-8846-002f345daf6a,False
0a43095e-b1ae-40ba-a51d-a289c3067893,False
7efdf583-8d64-40fd-8a1b-a7eeee3aff43,False
b603b83e-25f7-4c41-8ed9-9507481fff9c,False
0ab20751-dc9a-4ecd-875e-906ad9f364c3,True
92a354c2-8364-4a0c-a2f2-1f6806465edd,False
33acf466-cf4d-48f3-b679-36f6028d1374,False
fb78bcb3-5feb-4257-be87-5cf9e5ad871d,False
2593923a-0898-4d5c-8dc7-9b0141f589f6,False
07cb91bd-95be-4c7b-aaa3-f25a7f57f1e2,False
a4d6ad87-cd24-4a32-8aa8-0ce54f45bed1,False
1f59549c-2580-462a-bc2d-27f11ab374db,False
90a9225e-5eec-4c6f-b8a5-6d1952efbe56,False
a17e52ff-3ab2-4d1e-bbc0-b960fc75b230,False
1c937c3b-0d22-4bf0-8722-8f4058eeb40f,True
b31c4d77-3524-4a4f-99c2-be5d7814e13c,False
62f7f904-38c0-42d0-b060-291b8e2f9132,False
cd2810f4-1970-47be-9f5a-d6d28a6eddcc,False
2473a539-6748-407b-8dc4-8fb2b14444b0,False
03523f28-3583-4a40-aeba-b8bf03a31aed,False
ea3c2609-0602-40d0-ba64-e71ebad1ff49,False
14d43af5-85cd-42d4-9270-9daca956ddb4,False
97d960dc-95cc-45ee-8017-e1c75a696489,True
d106cf28-f86c-4497-be29-7511fad4f917,False
d3c7818a-9116-4f22-86e6-bad523debe90,False
f23c70ed-47c2-4470-a495-ab40eee8c319,True
3a9a431e-88ed-4788-bd2d-0ca2f97ef9d7,False
e9db2555-de70-468f-9a6d-794bd6f147db,True
2bc227c4-08d8-4b3a-b512-95728265d1c4,False
dff16cd8-496b-4918-af98-e6b8681961cc,True
d4f0116f-5a43-4a18-b203-202bac138820,False
24e28fba-1a7e-4eb1-b68f-446e936f9c2c,False
4f7f31dc-f851-45fa-967e-0ffd00fc1014,False
d3831f07-0f9c-41a0-9931-ba4a1d37d54b,False
1fa25365-92ae-4dc9-8bfe-b33e90fd9ec9,False
2e868b12-f0fb-4f64-88e5-5ad6337b4460,False
77ceff50-d3ed-41bc-8c69-f753dd3ef55c,False
04848681-1bcd-4867-8c79-c03ed82e5727,False
33c5731d-b273-4cd3-9615-832f49dd7db3,False
3685c422-ee54-453a-97ae-74dc2a34630d,False
1e759b3d-7eef-474d-a14e-be150ad98800,False
c36d9607-9868-4f45-a794-7f8c22395f24,False
c5615b80-58d3-41ff-9352-3ef6ecdfede3,False
d4ad1cee-9701-45cd-b4ad-db9330f9f8b9,False
d2798d1c-0558-49c9-ad67-3d7ee6de0b1a,True
fdaa1682-befb-4fed-9673-371ab67b6ce4,False
90f1a2fe-1448-47d2-83f5-0f9e3b76d779,False
71cf1a52-7c4a-46d7-8156-f30fcc64172d,False
8ac88759-7e78-4c5c-9fd9-f290f8079cde,True
f15c53a9-71e0-4b98-905b-7d251249cc5d,True
eff851ac-a9a2-434b-8c4d-280e16c72226,False
3975dc4b-05dd-44a4-b2e4-05e572278b3d,False
bba471d4-df4f-4d0f-9836-ae6e1f3f9e43,True
7a46eb73-f1d9-411a-8ad9-7f2ca24ada3a,False
0b8b546e-9456-4f1f-b732-12a8165fb20c,True
f813781c-4ee4-463a-8dd8-7664ccaa5e76,False
ae67dd92-8ba4-43da-9618-4ea0a36670d0,False
2f052cac-d34d-4581-b914-c812cad1d4d8,True
1d501eb4-cc4c-41a5-a40b-217547ce5a29,False
57d324f2-3d63-4b20-b8f7-9f620f9f9b8c,False
ecfb3bd3-9205-4af3-b708-3174a51859df,False
0c1c254e-dd10-4620-a607-6fc38300e36a,True
840f5146-bca0-4779-ab93-63bc67af36b0,False
ecc59fc8-d12f-4c60-b372-a94bb07e8663,False
96e769a7-8f8e-41f8-bf0e-d30d2e9f621f,False
fff5f7f2-51b5-42a3-8d25-a390ff0e5bc5,True
289e1da7-352c-4584-aa5a-03bc77c252dc,False
b4c67a0d-fa42-4119-a5f4-56a9dde3c4a4,False
60194595-643c-443d-b036-04cea40f9886,True
52a87518-88ee-4981-ba8b-634840f09bc6,False
461ce866-9bc3-4814-ab61-e2e771947cde,False
329a4de6-c7c1-448e-be58-36e3301952f6,False
fb53f56c-7e66-4915-b35a-37aae46bbd11,False
79407373-5bfd-4c82-a988-69b00c4b620e,True
6d4bc507-6b04-458c-b5c7-f6b196bae27b,False
af51e8c2-e60f-4286-9277-26d52fa89985,False
ffe2451b-3d97-4559-9be8-8079f771b4d3,False
3f330c33-4f5c-46af-8a5e-417c1f865db8,False
1c1af3ff-1d72-4ae6-95e2-ad36c572d648,False
3e7c82a3-da67-49fd-bc4b-74b864318571,False
39c062c1-02c2-496c-a012-415cd8a82607,False
4ba96b1f-6882-4d80-8cd8-d4dd850d65a4,False
2af45e00-18d1-45ed-b37d-f41edbc542fe,True
4520c9b8-df6f-44a6-a83e-2b98f70b66b3,True
50e5bd2a-72ad-4fff-9b1a-c91a9c210422,False
e749f25a-31d0-4fda-be56-ce6522f1d0dd,False
a583ce94-24b1-4cf3-bfa9-3ddfd3bf88bb,True
3b3857a0-c038-4354-acfd-fea29bc09367,False
94bd6a09-d8d5-4348-a3ca-8fed9d4f4ec1,False
4b30c813-0bdb-4296-b4d3-cfa8c6466cc4,True
475e3f9d-2d82-4f0c-b2cd-92f11cfdc44f,False
88d32bfd-3f58-4df7-b7e0-0b02ebcca31b,False
7732d380-fb74-4b2c-a116-b13f929b617f,False
7deb35aa-44aa-498e-9618-5f2239973445,False
1af2c97a-199a-47f2-ba63-188e908578d9,False
a422da06-db0e-4090-b422-330217ab438e,False
25f08489-4afa-40ab-8042-52a6a63b9f02,False
15dc19b5-777d-4c42-9d97-d381b8da73bd,True
24693d0d-935d-4738-9022-140fd88bc24d,False
6fb14ef9-9a95-407f-a383-07c753206fcd,False
b665e8f2-1ad2-45ff-86a8-5becc5b18165,True
43032ee3-7fcb-4699-b9ed-db227f6b08d1,False
89994990-0783-4537-a587-e6610ac7c9be,False
fabf72e3-962a-4a94-a707-be7df003d794,True
c0805266-50ac-469c-b3fb-a3ab7983c53b,True
5c53f43f-a776-4159-9bf0-74a59d4b8289,False
efcf03b5-7845-4b02-9144-536297cf70b1,False
3ad9d72b-3977-48b8-83f1-1816a7e7e845,False
0a43e179-67c9-48cb-9081-56191f19a8af,False
29424a8c-a2ad-4585-aadb-2d9a4377d869,False
ced18d08-7386-4730-a0de-68d3a4c5d401,False
14ea5e51-34c7-4478-9a2c-532ea92c0c3c,True
8d6be869-c35f-4cfd-be1e-c517b9f83208,False
fca06264-3624-4f07-87a8-4b2218d2c26a,False
e0865891-c038-4f87-a739-6e8582d2317c,True
28e60aaa-5330-47c7-8429-cc8499fd4931,False
1966f644-eaf5-4ad6-b5f2-0a09aec09ad3,False
2e8c8496-c239-4be7-9583-ec71bacd6a82,False
4b08c2be-ec85-45f2-baba-be7b90a7ec75,False
287c7e31-503d-4aa0-9859-3d4dc8e3d3e8,False
3e75ea56-9fe0-4675-8b0d-284c63d0323d,False
404398a8-7237-4e37-8605-b03078fad8e0,False
00404856-6e1c-473b-84ce-382d4465809e,False
05e73177-1e24-4e28-9467-69b8f11b4dab,True
6998140c-3f23-49e3-ac43-19112bf57a71,False
c7d55635-7a2c-49ea-b783-5f268150d394,False
aef6c8be-b19d-44c7-929b-3d65e8a0eddf,False
926c503e-b6dd-4ed0-b1ac-58a9b7b2cdc1,False
cc80804a-3ee9-4101-be74-94b412ab18a0,False
7c85e77d-9471-4977-b853-aad492356c8c,False
5bde134f-9fd2-496a-83bb-dcbde87bb245,False
1b813b1b-f363-4ccf-8e3d-d926cb7665b7,False
ed400ab4-93dc-4da6-b19c-dea20a8df214,False
92a06360-3fd1-408e-a4ae-213a4999c83a,True
8130ba76-4522-4204-9f07-20537815a3c0,False
b50846c7-261b-49b9-a416-c91d58b82a96,False
4d8b56b5-fe06-41d0-865c-5386475ef708,False
0bb0af13-a4aa-48b7-b40a-f70039a65eb8,False
a0604342-d938-4b16-bd3f-e2680998b724,False
6a4bd342-7947-4bbf-813d-8a1a8bab23e0,False
a8bbacb2-3cd5-4ee2-b267-e89dc76ecd06,False
2b462369-568a-4a0d-9750-99c54a3b7bc8,False
6c68bd52-5d40-4334-8bf6-51e92760bd99,True
8a5d0d85-8d4d-44a3-8282-6bc60ed134b5,False
d305edaf-300d-4c33-a10e-7827d7ec980b,False
ee29dc8a-4eae-4515-a2a0-d5a2b8e8e03e,False
911be11a-0ce6-4cd9-b919-7017a2bf3c47,False
0735de51-df4e-41ce-b453-7ceaf3295ca4,False
1628f982-38da-465c-b1b8-57277ac4144f,False
d0bae828-8efa-4c8d-8728-0517360f9da7,True
eb234bae-a372-4435-8b10-6d531491ab6a,False
bf340846-c9da-49cd-9ba0-c05192db30fb,False
7bfa94ae-f016-4f95-8f39-c6dac70de808,False
f1de6816-2df3-470d-892e-48acf5e00395,False
659f566a-b85f-4cfb-abd7-a727d2f0edb9,False
7ddad6bf-4906-4333-bdab-e04db22ad3a6,False
9c1901cc-5218-425d-948e-4b0637bc7364,False
7e44e87e-5893-4e08-9453-437cb912a77c,False
5e5314b5-2b21-422b-97ce-e3fc92cd8388,False
4f68ebfb-e197-41a2-ae7c-be0ef53ed855,False
0a5db829-97b5-4b1b-a80e-d653018e8107,False
964db79b-f5c0-49d3-9220-acf7becd2b5c,False
f4a9d721-45ba-4d07-a618-26c747e21f59,False
3e8273c0-f5b9-459f-9493-cb1b4b8d65a9,False
8a2d11f3-f184-42c3-999b-2816eb900455,False
9b412b38-9f7e-486f-a194-033021d807b9,False
fd22d02c-4bdd-49d6-9628-fbed5ed19815,True
c5a4bdca-3583-439b-b6de-23df54a245f0,False
02734cac-0d63-4cac-a35d-7d9f24f4ec0f,False
e72f2da1-d82e-4924-bb05-5aa201e7d63f,False
3728b1fc-ad48-4d23-a263-0dcb5827f581,False
d0318a99-27ce-420d-b876-0cf203992524,False
d05890a7-6fd3-4a78-88e8-91e7a938070f,False
82273ce1-15d7-4c43-893b-d517b2f9d6e9,False
0920c3af-c87c-4177-b100-ffbb9d301b98,False
6e668451-d6c8-47f9-b7f9-cdd2ef9dbc39,True
0dabab8e-1d51-433f-a5a2-6c8162f9d99c,False
eb4d5401-b2bf-469a-a4f8-e462f2f85f63,False
ffd4f557-cf02-4ce5-b475-d9493ae15990,True
8731f902-2ea4-41c4-abe1-24e22a3fa197,False
52a64fff-d469-4528-84dc-ac77ab4605ba,False
cb742283-c6c4-498c-8870-9fc8aea21c9a,False
ef413296-a519-49bf-bc7a-2e07b125905a,False
ab72911c-7505-488f-8d7a-fa1b8d6db2ab,False
eb50efd1-47e0-4064-8bcc-d5477694754d,True
0df53eeb-2078-476f-acb9-dc12c1707852,False
0046d5fc-25d1-41be-a8a1-7ce10999c172,False
b40611f0-b98e-44b5-a044-babce9c2b65d,False
84373803-8b54-44eb-bac0-6b2bb4aac958,False
cfc22bb3-f023-4844-b269-62e68cbf4446,False
86055fdf-9331-47bf-a3ad-6618d01c0620,True
a84dd41e-eca6-4d5c-aca4-ab9a2fe66790,True
aabc6478-6e6d-495d-87b5-9008014e8e6b,False
b27f331f-bbad-4932-9bc3-75fc9d797eb1,False
d5f61ddb-b494-4cd6-af2b-24ab65265a44,True
c24842b6-c7f9-4d7e-bc5b-ce43c2e083a7,True
079787cb-cb50-405b-9134-58eaa63cf911,False
98ced4ae-e8e9-4725-81d9-181c5150164d,False
e7c1497f-4b7d-4f13-9b79-6bfcf1a6f69d,True
aac16470-4df3-407d-8383-eda99709a94a,False
c8ef2388-cee7-411f-97b6-89ada32aa8b9,True
2d40fff7-bed6-4cc9-b3e9-23c3f8434db4,True
f39c2b4e-4962-485f-bf2a-b9daf078d3a1,False
3ea980d5-d9ea-495f-8577-47d5df851afc,False
728cabf3-8066-4016-9eb6-4a391bf6b7fa,True
a289a21b-dc2c-4bf5-af92-21b2b4960453,False
427ace6d-c0f8-4ace-95c4-c5ac592bc17f,False
006dbe6a-e5d4-4213-b168-32955a58594f,False
16cc1e6c-a6c5-41d9-9e50-2a6e36a056c8,False
7feb7f05-a295-46d1-98c1-6d3a5de063b9,False
8db9ead8-9ce2-4bc6-804a-14322719aa72,False
8c02dd3d-a008-4e83-94a8-ae441dd314fc,False
af83fc9e-5a0a-4ed5-9b51-6056ca2c4b00,True
9180079d-95e7-4f31-9c6c-be977234a073,False
b574b129-5d27-43df-b474-817be42ebeb4,False
de26c2dd-20d3-4619-a9dc-a2556ac1e2c4,False
990b75ac-091b-497b-a9a7-41dc85d0473e,True
62e1bfd9-aa15-410a-a254-9428d4f03c21,False
79c17f6d-3a0d-4557-9ca9-b1979904e3b3,False
66f36203-fedb-4409-b537-3d5405662dc8,False
5d8b0f91-610b-4e0f-bbc5-acf6740b8a65,False
3815a081-86c0-4309-a047-943d145a9d4e,False
0be4bef5-ff16-4d86-b59b-cb83cdd32440,False
20ab20fa-bf72-4b83-acd2-d22a953c2593,False
b9abfcbd-94fe-497b-b0f1-fdf5dc1f84cb,False
0ad0de77-5ff2-4c1a-a95e-41fa9c30e9a4,False
f138988e-f887-4638-b959-233b27f461a5,True
8ce5cf98-8836-4050-93f3-22e9dddc6728,False
e0c174d5-48ad-493d-85bd-a5d6650c22fc,False
ac1d0ff8-1022-4c5b-83d8-a13bd6dff485,False
debf75a1-47f5-4a22-9bcd-f23b30e9fbd0,False
40ddfa5e-ada2-4155-a280-59d790ae2e45,False
0cc91974-f1a6-4eec-a946-b345784be2e0,False
e6edd6c2-5be6-4458-b603-c5d72286808c,False
8a041703-c8e0-4214-92dd-40e0ec867ffe,True
02a9aaf0-9921-4848-bd3f-57f91072ec8f,False
590892ea-4769-46e4-af2b-8fc7588b6a08,False
199fe89c-0e60-4a4e-bccf-0324830a1ee6,False
1c87f24d-f4c6-48c8-a754-3cae120a71e7,False
deaeb421-185f-4a7a-9b30-42d0d0e80d80,True
a0b8c6f4-1c3a-434d-aa5d-08e922ab110d,False
5e718215-88dd-4957-ba16-75ea39633c4f,False
b9c31c9a-254f-4dcf-94eb-07c5c5847ed9,False
72221946-970f-40d1-a799-6a6a915537af,False
ffb43e23-d5d1-498b-9af0-a77c0ac46bb6,False
d9df32da-e077-438a-b32a-b30768bff5ae,False
a03315e1-b590-4c7b-aefa-412a2836a4a6,True
700f9ded-58f0-4c05-a95e-bfc4d9a8c621,True
8cb535eb-125c-41a6-844a-7d2d07408d1c,False
d7d5fb85-f9e4-4dee-b7d7-00233df63030,False
dd999408-7a80-4515-9bf0-eaf3188e607c,True
b3ff56bb-f531-4738-a217-cb657cf4f282,True
6b5f635d-4ac6-4b87-bf4c-e4d53ba5a80a,False
e02f3c45-924f-46e6-9249-bfa88b66e7c4,True
7f8abb30-22d2-4cf6-be8c-a122ddefbee0,False
77fbe8f0-724c-4c11-930a-f378b3c53808,False
2c7ab863-c5d4-44ad-ad5b-3f799d7256b3,False
358d7ba6-93eb-4cb8-8bf1-a1bd31cbda0e,False
95bc087f-43cd-4f8b-9b76-e7699de4eae7,True
e1f24b86-8e4f-405d-a7b3-fdf25273c445,False
d6eea210-4d42-42f4-91a6-c37085ac0463,False
c89b63a9-cb23-4bfe-8dea-d948f17caa59,False
c194191b-1b35-487b-be7a-a4be76235dd4,False
0acb808c-b2a5-4cd7-91cd-6b6fab32d82c,False
e092dc57-3073-4f53-9140-46df6eb7a979,False
90e2cc3b-210b-47f5-a69c-0a8154b1b35c,False
ea954771-f436-44df-b7e5-5d80c507e46d,False
b9fe460c-8d9c-492c-a814-951ed47fe924,True
c41a7ed4-df4b-4396-bb46-82f27ef25f02,False
e0d82ea2-42e7-4073-a49c-013d2ce82fbb,False
29cd5abd-8fea-44c5-a621-54a6e3b5db9a,False
39a6a82e-b0ad-43cd-936d-0100213d4df3,False
bb0dea39-346a-4e19-98b9-d3955a985fcb,True
124b46e9-b118-46c2-a7f5-95f5672d4346,False
809185c5-cea2-4f40-b672-44e3da2ab867,False
1dfe67b7-22a6-42d7-8b67-55a006dc5dc9,False
6635fd9b-9697-4412-ac81-2d14c152746c,False
5f32ba2b-12af-4fca-a13a-e5adb5c5d2df,False
47546cc9-6bff-48ad-afbb-c69cc31b80bd,False
ad3e5a11-ded8-4c29-8072-ccbea799a6de,False
1d9e1a6b-8a6d-432e-b6f1-f9b3a697da98,False
2bef9efb-0066-455f-98e0-60496044c935,False
4aec02fa-6297-40e4-acbf-6263a36affbf,False
c6d66ebc-f0ec-48b5-9230-616efc6bc822,False
0adbe963-e209-484b-beef-2a1b5081b55c,True
ff904f85-a34c-41f7-beb8-5287057370ca,False
b3027909-e0fb-4e87-99d9-998f100412cd,False
67c70855-a86f-46d5-b955-5255868e14ae,False
f4e758d3-3497-47fe-8a69-f3f1f4cb4339,False
bf8e11ef-430a-4b63-bfe4-85d8356ede70,False
3fe011b1-f860-41ae-b14a-f566c7c45a6d,False
3b448d8f-1cb1-4a24-a8db-83524f1a2b9f,True
a054577d-ef0c-4965-920f-db92e867b582,False
a5fc7f6c-cd0e-4eae-b2d6-4da3535d6683,False
7fa1de16-0a32-4e8f-a135-4846e0511283,False
248adb8b-73e2-449d-a65a-ed3cb5d77f9e,True
ef6dba05-b2f5-453d-8839-83de91bd358f,False
dcf98e9e-5984-4e4b-9a26-f8f3dd200a53,False
fe5a3626-f98e-42f1-aea7-8720de8412a7,False
b49c7d37-a65a-46cf-aeed-81facc878cce,False
64617ea6-90de-4e8b-86fe-dfabfda73f92,True
1cbd24fb-a35f-4794-a173-65c3a9bf5e0b,False
235ed6f2-ce8c-4bbd-a175-5cb831bfc4a0,False
3bb4ebcd-c97c-4e4d-a817-cface73fda39,False
c7175b41-1986-469c-b2db-26af0bb53696,False
3044ea7b-f607-4d87-a062-003868aa4c92,False
aaa43a83-c761-4215-9392-8c2add61b1e6,False
a4dce838-d13a-4cec-9760-8dab32038289,False
168e6068-1b93-40e8-880b-44bf17064f35,False
69cd0049-57cf-4fcd-a40a-06a53f846355,True
39b92226-6b3a-47dc-ad95-dbb8d1eca12d,False
640da326-275b-4b9c-864e-4e65ddcd6b4e,False
f25fc332-7d81-4df8-a942-066c2e2ad925,False
66ebb218-3947-44bf-995f-8fe282fd7294,False
5165f867-fe23-4e2d-aff4-13c376c86a60,False
9a8d80d1-dff8-4d8d-9323-cd8f98d8a5a5,False
e5d4fd6d-5b01-47d8-bf45-8b9c7ddd678f,False
9bcfc66c-e628-482f-a0eb-2c98a50fb649,False
83add978-b48b-4571-b014-abe8400b1e4c,True
65bb75e5-d332-435e-b590-fbb86b78caca,False
b8be8721-e3c8-447a-a2b0-74ad1cbb1f1d,False
b6967fbc-1b54-4c6a-986e-22bfc861cbe0,True
5c3b8410-8c06-4e98-a6b9-b0dc29b5e235,False
1c9bd3c9-12df-4f54-89bb-1c8f923697ef,False
52895652-6d0b-4c98-b8c9-8dc37ea5ae09,False
f41fc3e4-c99e-447d-8d68-5db040a64afd,False
83bd5265-12c7-4661-9eb5-87abc3b059f0,False
cba713bd-c908-4d1b-8e9e-bc5dc2728c9f,False
e197f0ec-70e7-4c84-b3ba-6d544c5d1919,False
0f8dea4c-ca73-4a1b-a1d8-f231a065f662,False
09078665-44b6-45ad-813a-0ae67b3f914a,True
c1bb4ea6-35a2-4bc0-923b-4576e0d1ee53,False
462c3ed4-117d-4958-bf77-9bd05f9c46c5,False
b18b9d37-c214-4f70-9861-a6a27c1619cf,False
55e2278c-b44f-466c-b013-e2fd67894844,False
d4fc53d1-25f2-437f-bb57-bf989b246d36,False
05c40271-f19d-4e11-94e3-ae414f5e1dce,False
7b0135b5-5ec8-4028-80d7-b44278ecb604,False
3a97ad55-3c08-416e-b189-d4f1d0a7b599,False
69f936e6-4b66-453d-863c-c1fb5a5405f2,False
78b5c272-3fab-483b-9d0d-24789ed6c6b5,False
8b147210-1680-4c88-bfaa-4c3aa129211c,False
045e868f-9fa2-449f-8960-fac6a4da3b65,False
3d06fdaf-57b1-461b-954b-43f879e97ce3,False
b9aeaa6b-0d04-481b-92a0-c059acccca20,False
d0b99f61-70c9-4862-9183-4906948bc718,False
e86a2445-a15e-41e5-920d-70bb0c65db25,False
f2355973-f5d2-43d8-8a41-74020329629c,False
980c8b80-dc74-4b64-8184-9e170df63b6f,False
fb288f07-caf5-45e9-94e4-b1fd650d9e67,False
24211f3e-1b36-4cec-85d4-361baefea6ac,True
212bd6ab-e1b6-46db-88b6-c79d141a8deb,False
1221a71f-f638-427b-9890-bc8221889440,True
a5586b69-39fa-4b76-8987-b99a42849d37,False
338416d7-8a45-4933-b726-4dfa28f01391,False
e8d86056-9f95-4a50-a46f-1a2df49ffc47,True
548eafcd-7077-4e09-a51d-88129c260b08,False
89e40cde-2f53-4708-b3df-9a90d00cfb6c,False
9d0b05ed-8be3-4054-b293-a281fd8fdb70,False
e7c68b62-41be-4ee3-9b3f-645076e02e3e,True
fafffd72-050e-4e7f-a71c-8cbe55f9f13f,False
1ce0b1ac-1b75-445b-bed7-bf2fbaa19cb0,False
c0e0f573-e30c-4e74-9b67-21be6121863e,False
f7c4bc78-6c46-4614-be23-1c1a660f1da5,False
0e831c39-69cc-4f1e-be6b-0fe02cf87217,False
331a8bfc-cf3f-45d9-a120-6fdb89cb01eb,False
56d19916-2a98-484b-aab9-ef060b408f9c,False
1ecfd063-09a7-4473-9317-1883b1306d5a,False
e3f72eee-75c9-44c0-9702-dac5af3c4b48,False
371734f4-36fb-447b-94fd-8a8ebb9f439c,False
8a7d309a-ca52-44ad-873e-468c2a3acf16,False
3d36c01d-74b8-4a33-89d6-5f2006594973,False
e9879258-afd2-4cea-bd93-06b68ea40a18,True
806954f0-ce51-4bf2-ae65-4eb1bd16d950,False
d4a7c2a5-4fbc-4186-8d05-9d7077e3c2e9,False
695e314d-c155-4701-bea6-c6ca95f5fbd3,False
1bac47cc-7b87-4b41-960b-442a327023ba,True
7b55aa70-a852-44d9-83b5-798e91798a66,False
ee3c4445-750e-4f49-9ee9-60fb9313bfa7,False
7cde3f83-83e3-4cb3-810c-000c359c932a,False
59351da1-03ec-421b-bd0b-00c21343841a,False
4418aa4a-82de-4078-9b51-90f6af58a88b,False
77210039-5541-4065-b468-e91093337e16,False
bd740769-abc2-4106-af82-32c08d7c690e,False
ef44868b-65e3-4c02-875b-f60cc9ba3d3a,True
e84d8c74-a580-4541-8631-c0a185ac9375,False
ce833b30-b1cb-4f5e-a60c-1b9903400523,True
10671f17-84af-4f21-ba0f-38508e20c7fe,False
ad47dd5c-a4bb-4266-938b-b3700f73f63c,False
826419fc-70c0-4557-a167-db4b7b963736,False
459ee065-4a6e-424f-867a-107ea7d06249,False
4b1427b6-6d69-4c7a-be29-129aba69ac0d,False
5eb8145f-4261-4fe8-8a49-7d559c58dfe7,True
38ed7b86-408a-4e61-ac83-60e4c75aceaa,False
78d82613-e96b-464f-9440-50680ae43d1a,True
81d40473-49f0-4121-96c3-8e79292864a6,True
71f43ee6-5a61-43f2-8bfa-a399f79fe7f6,False
629f7ce6-3de7-46af-b287-0abbcddef2d1,False
e6c1b01b-b8e0-46ec-a490-bf7e751775b4,False
b1eacc97-2f07-4c7a-bfc9-47090c5a4452,False
cd2c2024-f0e5-470d-a0bd-3c164101af8e,False
1e4df720-3f9e-4cd1-b317-fd9da8a5c75c,False
be1c4e59-14ec-4d5f-870e-b0899a2a38a9,False
9f059d23-e776-4b50-9486-7f33cec37f6d,False
b91c659a-14b6-4947-9325-d41f8eae32cc,True
a6976422-7ccb-467d-9cb6-b05b5392b670,False
042f3b47-ca7d-4bfd-a799-be8da0ee6d92,False
02f1070c-64c3-4753-a73d-e4e8e6a09f1d,False
27c7601b-1370-4288-b832-8603f410a5cc,True
b5cd6748-6882-4ba8-9260-07819f53f0be,True
191dd889-d58f-4848-95c0-9cf6d5f091af,False
186c4327-0ada-47e0-8b44-b0a8d37f166b,False
f5c77747-c6a3-4575-a602-c753cfc65e96,False
177d40eb-47a5-4a04-93e9-79d538355d83,True
4182ee04-1d77-447a-b004-f2db7c0db8fb,True
c8991b39-7b5a-46eb-9449-ce61fc3617e1,False
8d5b84d9-0554-4656-b627-430ff02c75a7,False
5512602c-bd7f-41c9-8c02-74b2bfa2b05a,False
f189d28c-6333-4273-b768-86e53af1e40a,False
bd3a975d-92b1-4883-a979-619b4b0f34c8,False
36f80bf7-dfce-4f70-8715-92fca3c00150,False
f07fcd5b-37e3-4a3c-a7a6-7c6de40c274b,False
fff3c5d4-cdf9-456d-8db7-ced68ff9b8dd,False
73ca2b2f-3bda-49cc-8f76-694348d35cf6,False
4e6b38ee-2c7a-42c2-9396-908cf6d51f6f,True
09b1e147-9a35-4797-ac30-fee2d9c3d656,False
89e96c58-d3be-4343-b47c-1816e9ddc49d,False
ebea0b57-da62-42db-b456-d16b6e7b1346,False
49f277ee-2abe-4563-84f5-421781864a39,False
a73d4c38-02bc-494c-bf28-ab8429602da9,False
8446c1df-cbb3-4fb9-8f22-85832bf6d12c,False
750e121b-0b16-480a-ab31-03258b1035ca,True
c9ada38e-cd10-49aa-8fca-4cf673d34a6d,False
aafcf563-efa5-4102-8ba6-004eda417871,False
4a52dd81-5861-4602-835c-4e927d129d1f,False
caf2d5e3-0945-40c8-883b-595231a39c85,True
064134f1-25ac-4a42-8bc8-53a72f6b360d,False
4557052f-9d25-48d5-b3a5-7b895c7b02ec,False
50d6b21a-4917-4340-abd6-dd9759752659,False
55935661-59e3-47c9-99b9-78dc15751879,False
7b228598-8c7f-4760-888b-dbbdad373db5,False
ed356fb8-251e-4e1d-bb53-b121b6ebf030,False
7daf90fb-0cb1-4e96-9c9d-5ce032775883,True
063d5a98-18e7-4572-96a7-6fa1cfdcd8c9,True
df0583e4-7b4f-4079-85d5-c8307fbb0382,False
a5c79450-eb0d-45eb-bb3e-cadcb9284179,False
6d3e6974-c502-49d1-a913-5ce547d080f1,False
7b377e6b-19ea-402f-892d-44aeb712dfcb,True
ca3cc54b-d402-4464-8d1a-4b2a7732d1e3,False
91319f19-652d-4a30-b971-540b84d76196,False
a0fd16b1-56c6-48bc-ae15-cfb9dc349310,True
95d9d30e-7001-41f8-9bf8-4660c43fa411,True
c9c6a4d0-6827-447b-aac6-f7e2c8afd46b,False
dc815fe7-4caf-4777-a2f9-73924d7483a1,False
c2e83cde-7f33-43a4-b0c1-50a8fcb1b877,False
fb0f9190-3ce2-451e-b79c-45bb966c5d3f,False
ea4d43b3-1bce-488b-b75c-d01e7fc7bb71,False
0d34acfc-d395-48be-8d46-cfd0a24fdea3,False
f4c6db3e-54c2-4ede-b7e6-926103bf7f5c,False
8a3e33b6-b2ab-46d2-afc0-961b11fffd6a,False
1a8760ac-f009-49f4-adc0-95269b548ee2,False
8973ca49-4f0b-4f1b-895e-a01aed95e450,False
61252126-218e-4c0d-9ac9-9f0b0c6f9584,False
1575ceec-1ade-4f99-baa3-6f138ea9c1c3,False
d70b0814-a043-4b0a-8b07-44e1d3ee1c35,False
f6a24b96-dd5e-4000-9725-83098c9f9547,True
b46d2b4e-027d-460d-b674-8bf3a2074259,False
eba744a3-4228-4fa4-bc37-51f334f66ebc,False
85913097-2188-42c7-88e6-4c53547b7259,False
53cdecc0-25b2-44ac-b21b-6a10b9a3a80a,True
738f12ee-3040-4605-ad29-09f6ca113ddd,False
6bef9326-7480-4d2b-a7bc-f9d79d7c7095,True
59eaeac5-cd8e-4940-b2cc-a16e87b7df16,False
88d151bd-538a-4516-b6e5-fd6f81d6d140,False
eec54573-7459-4815-a004-885b5dbcac8e,False
12125ad6-09ff-4837-8378-c39f3b261d55,False
7287e300-7585-49f9-9a1c-da3400404a23,False
68eba0a9-f731-4d63-9cdd-cd6f268f811c,False
f4f989e1-1d90-4e13-875b-53a2b0331c56,False
e0e60816-911c-445a-8e10-5cc432f6b3ff,False
7017cb7f-0823-4dd6-8081-c0f299185351,False
c48ade3c-c171-40a3-970e-32273e2e48b0,False
f6cf95ca-4726-4985-b725-126acbb3bc32,False
bf3e62fa-c123-42c1-88f3-1e29a2b7944a,True
d1ec743d-9eb7-4ebd-9368-7d2be48d8f4c,False
aaee9bce-2136-4dbd-a1ee-8661e951572f,False
114a2297-5ef3-496b-a3fa-cb26d6a75d4f,False
0facc4da-e733-4449-bedd-468a990426c0,False
6eb40d82-59e1-4715-b28a-a866fcda5c08,False
95954389-973e-48cd-a2b7-1b41c024da8b,False
3e68da0c-b86e-410d-9b99-f54598aef3e1,True
a93ba05e-12c8-4f95-953e-784466408087,False
a08a2998-6606-4f5d-aa93-5fc411a8f77a,False
308ec9ea-0565-4ca4-bb82-d22006b07d59,False
d629ac6f-27d6-4d82-9aa0-5640268bdf43,True
75ee44e8-f206-4d50-81c6-6d8fb2ed8a8a,False
5fcd4e44-493b-49f9-a62b-59bd972b3375,False
dc09f5b8-9ed7-4b41-8938-7beadb2f663b,False
bf5a0c96-1877-4bf3-babf-c0dc5a931bea,False
f9d46b30-ca17-46f9-a655-dca4d3560cd2,False
12a6df1b-650a-46bc-bd09-6e3413c9c692,False
7dec7181-81ba-429b-8a72-f2d7eb5e295c,False
f392d86c-8e12-4e7b-97f7-6be968374521,False
34ef30c3-ea0b-47df-aa2a-a936c1f4f040,False
83be514b-e755-4ebf-80c4-bb2647358dcc,True
112e4cb8-04ff-48c9-9d7b-e5eb4a94085d,False
46898387-98b2-4637-b0be-ef173510329a,True
9f3e2d34-4277-4cff-a5c3-abbab830313c,False
ce61e9dd-ac7c-43ae-97d4-2f88f4beded6,False
0fdd507c-c3f6-4eba-95f7-76245f7ddf1a,True
b7c33123-b259-4ea7-90ae-702b27bf539a,False
dcc1cfe0-b11a-4324-8545-7191cac73678,False
3d24af21-912d-480a-abe5-06e09a93f90a,False
a91e3589-eec5-47fa-9ab4-6f1c53abfb00,True
245e2ff0-4429-42dd-b91d-f05df75c1fb6,False
e69372ac-d0b0-44b2-ad12-e3faa9a47da3,True
15a6b4ab-7428-42ff-8b49-349168e3cf84,False
ee65e005-c62a-4251-a42a-83b083e2cfe8,False
42efa3e0-a589-4ba8-a50e-717cf5476ea6,False
79581663-fce0-45ca-bcc3-5f210656bccf,False
27785d62-2a32-4766-8ad2-3e3a9849d85b,False
be8451e8-f20e-433f-a73d-c0ef51132126,False
3471f9c6-c295-4ec3-8d94-6240cb9b4060,True
d907874f-bd9c-461e-9ffd-8cd0b36cac94,True
2ca81d9c-acf3-4ebe-88c8-597caa9eb2da,False
78793764-cf59-42b1-abf4-9e1f2ad0c30c,False
ce04e63b-3143-409b-a36d-f435d403bbd8,True
0a162e4b-c7e5-45a6-ab97-f690bc722fdf,False
5f94af16-8e94-4748-bdea-0be2ae11c26b,False
a41776bd-cc3f-4781-b4d2-ba3299876ed1,False
412cda04-ea7e-4c66-a747-4a13aaa24900,False
e862a2ad-9e65-4a48-ace6-76e247bf6e73,True
30275f0b-8634-43ff-a165-ed72326ec411,False
0d8c5d7f-c9ed-4cc0-ab99-9d6b559f095a,False
3bc5701f-6d69-4523-a99c-95e9f2f7ffb5,False
62c8b754-afe2-441a-b643-8c2502b3e64d,False
e8cabd56-30f6-457c-a7c4-3b8e9205ae37,False
1f986d52-24f8-4372-a376-9b56785d3eea,True
761f3ac0-d2f1-4aac-8995-cd540b96bab3,False
eaba28ec-1a31-4273-9a42-cedb8d64aabe,False
67b21540-b868-4936-a64f-e31ba32f1613,False
18eafaf0-6a74-484e-883c-6bb57560115f,False
91e88af2-bdd2-4d94-97b3-62ee2878903b,False
d5eb08b7-93bd-4534-9308-3cc39264aff6,False
3af92c09-7fa4-4ea9-a856-3d3bc1b778a2,True
fec8ec71-67d8-415e-870d-8be42657a75f,True
26e8f200-bfeb-45ef-bda3-7ebbbcff6d45,False
46182f2d-e80c-4a6f-b2cd-cd5022bee7e6,True
eea2b0b9-2a2c-4884-8e41-6e2c4e56bf8d,False
4f0bf1ca-217f-4b87-a94e-bdf736f59682,False
c0c95842-8684-4f96-8dc1-969bbb498ee9,False
6004ef0b-75bd-43c6-bdf9-0216217e1169,False
b313b71a-8596-402e-b1e3-6b8154c526d1,False
ccd8de24-3b1e-4f2f-bb26-a03aecb11c37,True
d7d4e9bb-665c-4233-8aa2-7763ad6bb046,False
a22d5bfe-3386-490a-b7b3-e210989542b9,True
f16932da-2611-4979-949e-7be0b4be6303,False
d3b0c57d-026f-4d80-a3f7-3f244d3470f3,False
d8e79721-ba5a-47a0-853a-3f05b56b7850,False
6cd09c5d-1c78-4e74-bb8e-1f1a293a91e2,False
937d4ca4-46fe-4f43-9af5-d36f7759374f,False
ebc40509-221c-4fb7-836e-1579e2d69208,False
33fd473f-7608-41e8-b79b-feffcab0bf42,False
6a3d25c5-59fe-4bcd-8ebe-42e5d165169a,False
d9bacf8e-36bc-4aa4-b5e9-82a29b4d0c07,False
f17c21a3-dc06-4213-8e2e-41057c37c267,False
da96c324-cf6f-4411-b78b-f64416525145,False
9ed23665-37df-413f-a87b-d039fc465f83,False
36920f19-f3a7-4636-ba4c-01888bd538cb,False
dbb106b6-010f-4186-bcc3-7d1ac843e3f9,False
77a5179d-db8d-4c07-9c99-73eccd46fd5a,False
e4df8df1-d4e5-47f1-9785-428b6d5f251a,True
3597da54-a281-486d-ac69-3c6e3c166856,True
b98fd345-dfbe-4136-883d-9b7aab41c6db,False
6350ef80-92ba-4c1c-ac25-28d8e6afcf0b,False
849eb9e1-e381-4865-b82d-ff272fd99cdc,False
195ea1ca-e486-4954-9c85-9d1862ddbc27,False
b5a94a70-88d6-4652-a8f3-74f39f3ff544,False
39716d4f-9255-418e-9614-3ff28cc9b307,False
f46f12d1-e55e-41bf-9ff7-af05a7fd38e0,False
729f323e-30e2-4c82-b5f6-5f00f908fdca,False
6a9024ca-5e6e-4ed3-a8be-5e20fa1fff8b,False
83d1355d-3182-4b7c-9eeb-2d89d251b0c0,False
e0d6e5ea-96bc-470f-86d4-d6bbc249834a,False
0dfb4425-4af0-4393-a298-fff37420680b,False
0563bf91-f6f2-45ce-ae49-16b1c3d4e8ce,True
6aafec50-1a0d-4ef1-8e09-ff4ae541efa5,False
0e3f5ae8-eed7-44d6-9ee0-a6a1f0fd8112,False
9f7a2c7d-c3c2-4717-9afe-34ee2999abb0,False
c867e0d0-cac5-4042-8638-e3935823e127,False
0958cbf3-a63b-4d60-ad45-29c6343f843b,True
b47b716e-429e-4496-9c49-877a01105261,False
e301fc82-8fbe-4584-b70a-76f5aadcfc5a,False
313edde1-7107-444c-8830-3f84bea0679a,False
4b969009-f92a-4aba-bcb1-4ef048c8f8bd,False
8daf01bf-6d05-4b6f-b4de-7cb705de915c,False
6af505e2-3728-4c23-bc7a-3234739e7c69,True
a5747608-1ece-4f55-954d-12adb7484f4a,False
352dd947-5d47-4050-9636-f1fc7aee3f33,False
3ad96c51-7944-4600-b3cd-646e666acfc4,False
c0c3877f-0744-4e61-a949-c70269b701df,False
d33778ac-7f3e-4bd3-9f15-9eaa7fd65e37,False
f4678c8a-d0a7-42a5-9943-b2ce0e281b35,False
63037417-5ddc-45a5-9694-602ab2f49054,False
06fac230-1a7d-4fc7-9f0c-647080d7ab13,False
e31aea1b-ada0-40b8-a226-c19492be7df0,False
12381ddf-9bde-465b-b512-d5752a9fe30f,False
d881a75e-0cc5-402f-aa0a-809a5ec37898,False
179dc41b-94cb-47ae-9121-ff466b8ec169,False
d68956db-f59d-4a5c-a5c3-9d7ece4168e9,False
b68247d9-b167-4142-a33e-60d5db1331a1,True
0098b173-7103-4a17-83aa-65cd40b85365,False
a4024de1-0acf-4d0f-8b5a-b4235e2027b4,False
ae02a0d1-c970-45ab-a018-a44a2cb9d9fd,False
463b2b40-4cb5-46a7-badb-eba370c4e3dd,False
8d9114f3-8ec0-42e5-96fd-2e88c618eb0e,False
b514a626-a959-45e8-a2ff-602695beca87,True
15cab8d7-401d-4ab7-b995-2fe14a347dd2,False
4d11c7d1-0c45-4fc2-843c-d94fa8b3338c,False
4c77ef7d-b42e-409b-b642-da20c0286b3c,False
a4f002ff-ebff-421b-9fd4-eb0d8a5de8e7,False
b14ac323-af70-4d6d-a280-d3846885ffaf,False
1ce14a6f-5312-4b14-abd9-7097d425d77f,False
050d079b-7a92-4c9a-a5b9-45d2ca0f6996,False
90c052a1-11b3-4cae-b3b6-cfc93dc619d0,False
61e44619-4195-4dae-9a21-0b75140fc689,False
487c1799-d1d2-4a8a-9b92-cc051ebc98fe,False
36879356-db44-41d7-8719-c401beb89a9c,True
87e04ffe-6a35-4f96-8f70-f45404651065,False
5e482da3-21ee-4531-8b4b-e007bac85ca1,False
9d830839-940e-41b9-9cd2-922fee5a8e57,False
d7e491b6-604a-4b6f-a29e-240796d68d3c,False
a001c15d-0aed-45d1-bcdf-8e4c74db3a4e,False
6fcaa0b9-69e5-4a44-ac10-db496d09d6f3,False
b24701ed-8710-4891-8f6f-7710258e350d,False
cdb60d7f-f033-4cc9-b39b-ac94bb89b0e1,False
96022559-3e2f-4bb0-a67a-b66bac2dd68e,False
86467fec-cdff-4981-89a7-54e5ceb77ae9,False
48e75312-4052-4cc7-a1e7-88dc2e8480d4,True
5239da4d-0653-4752-b8f1-0cfe5f711f2a,False
04d4264d-6980-4dc1-a31f-0b0540bca372,False
30c2814d-8454-435b-badd-4e676e6c1e7c,False
e1beebb2-9c06-4e1f-ac71-30f68de28ddc,False
02faead8-d5a9-4979-ac78-0b2e2c02e8b6,False
def51913-20e3-4659-9234-7db134c64c0d,False
1687256c-bf66-4d69-97a3-f7bb8192a5ab,False
9b7b985b-de7b-4d55-adb9-8e3b4746dd5b,True
a2649a7c-5b02-4e2e-bd1e-8ce4a0a98110,False
f66fceaa-6d4e-4128-b19a-3feeb211d0a8,False
4ec75769-3b06-49ee-80b0-2f1926024f7a,False
b1ca576c-fe02-4afe-a9c9-2a7366c0b409,True
d634bb66-fe43-43bf-8e34-99f6cd3eb24f,True
f5469d31-8c1d-42a8-9eda-afd8bdfd9dfc,False
df9b747d-bc4a-4c8e-acd2-f08d3f22672e,False
396404d1-1458-4a4c-9621-0edc112e1cc0,False
866fc856-8319-4205-8889-cffa2a1adb64,False
e0b49c30-2cc1-4739-9504-5e14cc4bd170,False
599da832-b54f-4a29-bbec-885ce6e565f9,False
c8e19443-87d1-48d8-bf8e-ad2729b3b028,True
8ce82d2e-8d59-4bf9-bd85-4e80049a4082,False
e8079393-ed1a-423d-8d70-74d3e151ab7d,False
e56386ed-11a4-41c8-aafe-26b8aa6a10bb,False
